<?xml version="1.0" encoding="utf-8" standalone="yes"?>
<rss version="2.0" xmlns:atom="http://www.w3.org/2005/Atom">
  <channel>
    <title>seanteachesmath</title>
    <link>/</link>
    <description>Recent content on seanteachesmath</description>
    <generator>Hugo -- gohugo.io</generator>
    <language>en-us</language>
    <lastBuildDate>Wed, 27 May 2020 13:09:13 -0600</lastBuildDate>
    
	<atom:link href="/index.xml" rel="self" type="application/rss+xml" />
    
    
    <item>
      <title>The Joy of X</title>
      <link>/2020/05/27/the-joy-of-x/</link>
      <pubDate>Wed, 27 May 2020 13:09:13 -0600</pubDate>
      
      <guid>/2020/05/27/the-joy-of-x/</guid>
      <description>This will be about the time that I tried to teach a liberal arts math class using The Joy of X.</description>
    </item>
    
    <item>
      <title>About me</title>
      <link>/about/</link>
      <pubDate>Thu, 05 May 2016 21:48:51 -0700</pubDate>
      
      <guid>/about/</guid>
      <description>Sean teaches math at the University of Central Oklahoma.
Prior to that he was at Swarthmore College for a year spent in the math and biology departments.
Prior to that he was in graduate school at the University of Utah.
Prior to that he was in college at Millersville University.
Prior to that he was just a kid.</description>
    </item>
    
    <item>
      <title>Teaching</title>
      <link>/teaching/</link>
      <pubDate>Thu, 05 May 2016 21:48:51 -0700</pubDate>
      
      <guid>/teaching/</guid>
      <description>Courses taught (or developed)  MATH 1113 Mathematics for General Education MATH 2153 Bio-Calculus - This class uses custom materials that have substantially devolved from the inspiring textbook Modeling the Dynamics of Life by Fred Adler, developed jointly with Brittany Bannish. MATH 2313 Calculus I MATH 2753 Technology for Professional Mathematics and Statistics - This class uses custom materials that have been developed to introduce software for mathematical typesetting, introductory numerical computing, and introductory symbolic manipulation.</description>
    </item>
    
  </channel>
</rss>