<?xml version="1.0" encoding="utf-8" standalone="yes"?>
<rss version="2.0" xmlns:atom="http://www.w3.org/2005/Atom">
  <channel>
    <title>Posts on seanteachesmath</title>
    <link>/post/</link>
    <description>Recent content in Posts on seanteachesmath</description>
    <generator>Hugo -- gohugo.io</generator>
    <language>en-us</language>
    <lastBuildDate>Wed, 27 May 2020 13:09:13 -0600</lastBuildDate>
    
	<atom:link href="/post/index.xml" rel="self" type="application/rss+xml" />
    
    
    <item>
      <title>The Joy of X</title>
      <link>/2020/05/27/the-joy-of-x/</link>
      <pubDate>Wed, 27 May 2020 13:09:13 -0600</pubDate>
      
      <guid>/2020/05/27/the-joy-of-x/</guid>
      <description>This will be about the time that I tried to teach a liberal arts math class using The Joy of X.</description>
    </item>
    
  </channel>
</rss>